Subject,Condition,Gender,Type,Birth,Time.100,Target,Distractor,Other,Saccade,Track_Loss,Bins
15,1,Feminine,Control,Latin,50,364,233,174,161,68,1000
15,1,Feminine,Control,Latin,150,336,267,207,177,13,1000
15,1,Feminine,Control,Latin,250,507,70,228,101,94,1000
15,1,Feminine,Control,Latin,350,597,182,84,137,0,1000
15,1,Feminine,Control,Latin,450,615,286,24,75,0,1000
15,1,Feminine,Control,Latin,550,657,263,0,80,0,1000
15,1,Feminine,Control,Latin,650,719,29,46,173,33,1000
15,1,Feminine,Control,Latin,750,802,0,100,42,56,1000
15,2,Feminine,Match,Latin,50,295,269,280,156,0,1000
15,2,Feminine,Match,Latin,150,400,283,281,36,0,1000
15,2,Feminine,Match,Latin,250,344,263,325,68,0,1000
15,2,Feminine,Match,Latin,350,311,199,446,44,0,1000
15,2,Feminine,Match,Latin,450,283,81,445,191,0,1000
15,2,Feminine,Match,Latin,550,372,34,438,156,0,1000
15,2,Feminine,Match,Latin,650,562,0,321,117,0,1000
15,2,Feminine,Match,Latin,750,636,0,259,105,0,1000
15,4,Masculine,Control,Latin,50,232,333,175,197,63,1000
15,4,Masculine,Control,Latin,150,400,358,205,37,0,1000
15,4,Masculine,Control,Latin,250,376,299,126,199,0,1000
15,4,Masculine,Control,Latin,350,286,347,246,121,0,1000
15,4,Masculine,Control,Latin,450,300,250,400,50,0,1000
15,4,Masculine,Control,Latin,550,339,71,433,157,0,1000
15,4,Masculine,Control,Latin,650,547,91,280,82,0,1000
15,4,Masculine,Control,Latin,750,729,100,76,95,0,1000
15,5,Masculine,Match,Latin,50,223,617,0,147,13,1000
15,5,Masculine,Match,Latin,150,332,548,0,120,0,1000
15,5,Masculine,Match,Latin,250,535,352,0,113,0,1000
15,5,Masculine,Match,Latin,350,600,338,11,51,0,1000
15,5,Masculine,Match,Latin,450,533,217,157,93,0,1000
15,5,Masculine,Match,Latin,550,435,207,253,105,0,1000
15,5,Masculine,Match,Latin,650,547,174,180,99,0,1000
15,5,Masculine,Match,Latin,750,619,175,105,101,0,1000
15,7,Feminine,Filler,Latin,50,808,1313,486,349,44,3000
15,7,Feminine,Filler,Latin,150,682,1301,729,288,0,3000
15,7,Feminine,Filler,Latin,250,921,973,741,365,0,3000
15,7,Feminine,Filler,Latin,350,1113,918,719,250,0,3000
15,7,Feminine,Filler,Latin,450,1317,929,489,265,0,3000
15,7,Feminine,Filler,Latin,550,1449,819,377,314,41,3000
15,7,Feminine,Filler,Latin,650,2061,332,125,462,20,3000
15,7,Feminine,Filler,Latin,750,2492,300,101,107,0,3000
15,8,Masculine,Filler,Latin,50,853,1243,540,312,52,3000
15,8,Masculine,Filler,Latin,150,877,1149,565,368,41,3000
15,8,Masculine,Filler,Latin,250,957,862,929,252,0,3000
15,8,Masculine,Filler,Latin,350,1028,678,920,374,0,3000
15,8,Masculine,Filler,Latin,450,1451,522,672,355,0,3000
15,8,Masculine,Filler,Latin,550,2089,128,468,315,0,3000
15,8,Masculine,Filler,Latin,650,2352,72,349,227,0,3000
15,8,Masculine,Filler,Latin,750,2578,0,88,334,0,3000
20,1,Feminine,Control,Latin,50,493,313,0,190,4,1000
20,1,Feminine,Control,Latin,150,500,456,0,44,0,1000
20,1,Feminine,Control,Latin,250,507,380,0,113,0,1000
20,1,Feminine,Control,Latin,350,608,275,0,117,0,1000
20,1,Feminine,Control,Latin,450,763,154,0,83,0,1000
20,1,Feminine,Control,Latin,550,896,100,0,4,0,1000
20,1,Feminine,Control,Latin,650,822,63,0,115,0,1000
20,1,Feminine,Control,Latin,750,940,0,0,60,0,1000
20,2,Feminine,Match,Latin,50,603,308,0,89,0,1000
20,2,Feminine,Match,Latin,150,600,356,0,44,0,1000
20,2,Feminine,Match,Latin,250,488,377,0,135,0,1000
20,2,Feminine,Match,Latin,350,608,204,0,121,67,1000
20,2,Feminine,Match,Latin,450,592,153,0,182,73,1000
20,2,Feminine,Match,Latin,550,518,333,0,149,0,1000
20,2,Feminine,Match,Latin,650,633,199,8,160,0,1000
20,2,Feminine,Match,Latin,750,767,100,100,33,0,1000
20,4,Masculine,Control,Latin,50,414,500,0,86,0,1000
20,4,Masculine,Control,Latin,150,384,524,0,92,0,1000
20,4,Masculine,Control,Latin,250,443,479,0,78,0,1000
20,4,Masculine,Control,Latin,350,170,583,2,245,0,1000
20,4,Masculine,Control,Latin,450,322,442,100,136,0,1000
20,4,Masculine,Control,Latin,550,606,68,88,238,0,1000
20,4,Masculine,Control,Latin,650,877,0,90,33,0,1000
20,4,Masculine,Control,Latin,750,795,34,100,71,0,1000
20,5,Masculine,Match,Latin,50,668,145,100,87,0,1000
20,5,Masculine,Match,Latin,150,797,100,100,3,0,1000
20,5,Masculine,Match,Latin,250,684,164,14,138,0,1000
20,5,Masculine,Match,Latin,350,635,316,0,49,0,1000
20,5,Masculine,Match,Latin,450,583,400,0,17,0,1000
20,5,Masculine,Match,Latin,550,600,377,0,23,0,1000
20,5,Masculine,Match,Latin,650,531,379,0,90,0,1000
20,5,Masculine,Match,Latin,750,500,481,0,19,0,1000
20,7,Feminine,Filler,Latin,50,1581,934,145,309,31,3000
20,7,Feminine,Filler,Latin,150,1470,1170,115,217,28,3000
20,7,Feminine,Filler,Latin,250,1479,1067,7,347,100,3000
20,7,Feminine,Filler,Latin,350,1620,1109,0,265,6,3000
20,7,Feminine,Filler,Latin,450,1762,790,0,448,0,3000
20,7,Feminine,Filler,Latin,550,2164,649,0,187,0,3000
20,7,Feminine,Filler,Latin,650,2350,386,0,264,0,3000
20,7,Feminine,Filler,Latin,750,2770,96,0,134,0,3000
20,8,Masculine,Filler,Latin,50,1338,1046,103,290,123,2900
20,8,Masculine,Filler,Latin,150,1393,1154,86,267,0,2900
20,8,Masculine,Filler,Latin,250,1129,1205,174,392,0,2900
20,8,Masculine,Filler,Latin,350,1297,1088,196,319,0,2900
20,8,Masculine,Filler,Latin,450,1726,745,100,329,0,2900
20,8,Masculine,Filler,Latin,550,2241,328,100,231,0,2900
20,8,Masculine,Filler,Latin,650,2509,28,122,241,0,2900
20,8,Masculine,Filler,Latin,750,2559,68,143,130,0,2900
54,1,Feminine,Control,US,50,371,455,121,53,0,1000
54,1,Feminine,Control,US,150,400,400,200,0,0,1000
54,1,Feminine,Control,US,250,538,241,60,161,0,1000
54,1,Feminine,Control,US,350,762,82,63,93,0,1000
54,1,Feminine,Control,US,450,771,93,41,95,0,1000
54,1,Feminine,Control,US,550,896,0,0,104,0,1000
54,1,Feminine,Control,US,650,978,0,0,22,0,1000
54,1,Feminine,Control,US,750,973,0,0,27,0,1000
54,2,Feminine,Match,US,50,100,630,76,143,51,1000
54,2,Feminine,Match,US,150,237,560,64,139,0,1000
54,2,Feminine,Match,US,250,466,477,0,57,0,1000
54,2,Feminine,Match,US,350,402,386,58,154,0,1000
54,2,Feminine,Match,US,450,405,346,100,149,0,1000
54,2,Feminine,Match,US,550,629,222,3,146,0,1000
54,2,Feminine,Match,US,650,769,100,0,118,13,1000
54,2,Feminine,Match,US,750,837,88,0,75,0,1000
54,4,Masculine,Control,US,50,479,378,23,95,25,1000
54,4,Masculine,Control,US,150,334,448,83,135,0,1000
54,4,Masculine,Control,US,250,399,475,14,112,0,1000
54,4,Masculine,Control,US,350,616,234,0,150,0,1000
54,4,Masculine,Control,US,450,782,167,0,51,0,1000
54,4,Masculine,Control,US,550,743,77,91,89,0,1000
54,4,Masculine,Control,US,650,876,0,66,58,0,1000
54,4,Masculine,Control,US,750,1000,0,0,0,0,1000
54,5,Masculine,Match,US,50,400,360,100,55,85,1000
54,5,Masculine,Match,US,150,571,277,7,140,5,1000
54,5,Masculine,Match,US,250,560,249,0,112,79,1000
54,5,Masculine,Match,US,350,481,351,0,168,0,1000
54,5,Masculine,Match,US,450,585,398,0,17,0,1000
54,5,Masculine,Match,US,550,594,229,0,177,0,1000
54,5,Masculine,Match,US,650,838,100,0,62,0,1000
54,5,Masculine,Match,US,750,883,0,72,45,0,1000
54,7,Feminine,Filler,US,50,1566,1008,243,183,0,3000
54,7,Feminine,Filler,US,150,1605,994,198,197,6,3000
54,7,Feminine,Filler,US,250,1626,861,63,352,98,3000
54,7,Feminine,Filler,US,350,1525,991,40,256,188,3000
54,7,Feminine,Filler,US,450,1545,806,100,349,200,3000
54,7,Feminine,Filler,US,550,1855,489,67,526,63,3000
54,7,Feminine,Filler,US,650,2542,143,100,176,39,3000
54,7,Feminine,Filler,US,750,2722,100,28,150,0,3000
54,8,Masculine,Filler,US,50,1783,688,100,302,127,3000
54,8,Masculine,Filler,US,150,1708,851,123,280,38,3000
54,8,Masculine,Filler,US,250,1630,901,195,263,11,3000
54,8,Masculine,Filler,US,350,1668,864,122,299,47,3000
54,8,Masculine,Filler,US,450,1842,615,174,246,123,3000
54,8,Masculine,Filler,US,550,1932,304,167,469,128,3000
54,8,Masculine,Filler,US,650,2438,177,67,245,73,3000
54,8,Masculine,Filler,US,750,2498,174,76,238,14,3000
18,1,Feminine,Control,Latin,50,167,261,494,78,0,1000
18,1,Feminine,Control,Latin,150,200,143,615,42,0,1000
18,1,Feminine,Control,Latin,250,200,100,700,0,0,1000
18,1,Feminine,Control,Latin,350,245,100,589,66,0,1000
18,1,Feminine,Control,Latin,450,445,95,413,47,0,1000
18,1,Feminine,Control,Latin,550,650,0,193,157,0,1000
18,1,Feminine,Control,Latin,650,884,0,100,16,0,1000
18,1,Feminine,Control,Latin,750,900,0,100,0,0,1000
18,2,Feminine,Match,Latin,50,477,196,271,56,0,1000
18,2,Feminine,Match,Latin,150,472,184,300,44,0,1000
18,2,Feminine,Match,Latin,250,400,200,287,113,0,1000
18,2,Feminine,Match,Latin,350,354,200,401,45,0,1000
18,2,Feminine,Match,Latin,450,270,148,461,121,0,1000
18,2,Feminine,Match,Latin,550,301,124,493,82,0,1000
18,2,Feminine,Match,Latin,650,390,147,328,135,0,1000
18,2,Feminine,Match,Latin,750,603,164,130,103,0,1000
18,4,Masculine,Control,Latin,50,300,82,584,34,0,1000
18,4,Masculine,Control,Latin,150,330,0,630,40,0,1000
18,4,Masculine,Control,Latin,250,267,50,526,157,0,1000
18,4,Masculine,Control,Latin,350,398,100,500,2,0,1000
18,4,Masculine,Control,Latin,450,400,100,451,49,0,1000
18,4,Masculine,Control,Latin,550,549,31,329,91,0,1000
18,4,Masculine,Control,Latin,650,757,0,176,67,0,1000
18,4,Masculine,Control,Latin,750,800,0,167,33,0,1000
18,5,Masculine,Match,Latin,50,0,359,543,98,0,1000
18,5,Masculine,Match,Latin,150,0,200,797,3,0,1000
18,5,Masculine,Match,Latin,250,0,155,758,87,0,1000
18,5,Masculine,Match,Latin,350,228,117,533,122,0,1000
18,5,Masculine,Match,Latin,450,300,200,485,15,0,1000
18,5,Masculine,Match,Latin,550,377,214,244,165,0,1000
18,5,Masculine,Match,Latin,650,593,196,150,61,0,1000
18,5,Masculine,Match,Latin,750,646,100,196,58,0,1000
18,7,Feminine,Filler,Latin,50,717,796,1165,248,74,3000
18,7,Feminine,Filler,Latin,150,672,916,1184,228,0,3000
18,7,Feminine,Filler,Latin,250,524,1052,1277,147,0,3000
18,7,Feminine,Filler,Latin,350,562,981,1274,183,0,3000
18,7,Feminine,Filler,Latin,450,767,540,1372,321,0,3000
18,7,Feminine,Filler,Latin,550,1059,259,1373,309,0,3000
18,7,Feminine,Filler,Latin,650,1639,237,928,196,0,3000
18,7,Feminine,Filler,Latin,750,2039,186,547,228,0,3000
18,8,Masculine,Filler,Latin,50,873,600,1361,166,0,3000
18,8,Masculine,Filler,Latin,150,786,688,1374,152,0,3000
18,8,Masculine,Filler,Latin,250,824,561,1431,184,0,3000
18,8,Masculine,Filler,Latin,350,1017,344,1466,173,0,3000
18,8,Masculine,Filler,Latin,450,1205,322,1308,165,0,3000
18,8,Masculine,Filler,Latin,550,1421,233,1014,332,0,3000
18,8,Masculine,Filler,Latin,650,1913,153,690,244,0,3000
18,8,Masculine,Filler,Latin,750,2254,11,552,183,0,3000
17,1,Feminine,Control,Latin,50,113,512,232,143,0,1000
17,1,Feminine,Control,Latin,150,200,408,297,95,0,1000
17,1,Feminine,Control,Latin,250,278,434,195,93,0,1000
17,1,Feminine,Control,Latin,350,400,450,69,81,0,1000
17,1,Feminine,Control,Latin,450,423,339,55,183,0,1000
17,1,Feminine,Control,Latin,550,631,160,131,78,0,1000
17,1,Feminine,Control,Latin,650,484,159,251,106,0,1000
17,1,Feminine,Control,Latin,750,694,43,66,144,53,1000
17,2,Feminine,Match,Latin,50,300,134,378,168,20,1000
17,2,Feminine,Match,Latin,150,239,100,413,148,100,1000
17,2,Feminine,Match,Latin,250,196,110,411,243,40,1000
17,2,Feminine,Match,Latin,350,186,264,468,82,0,1000
17,2,Feminine,Match,Latin,450,310,349,227,114,0,1000
17,2,Feminine,Match,Latin,550,453,214,179,154,0,1000
17,2,Feminine,Match,Latin,650,447,119,382,52,0,1000
17,2,Feminine,Match,Latin,750,513,100,216,171,0,1000
17,4,Masculine,Control,Latin,50,491,192,243,74,0,1000
17,4,Masculine,Control,Latin,150,389,200,335,76,0,1000
17,4,Masculine,Control,Latin,250,534,246,192,28,0,1000
17,4,Masculine,Control,Latin,350,548,200,180,72,0,1000
17,4,Masculine,Control,Latin,450,576,151,191,82,0,1000
17,4,Masculine,Control,Latin,550,781,36,55,128,0,1000
17,4,Masculine,Control,Latin,650,909,0,0,63,28,1000
17,4,Masculine,Control,Latin,750,866,0,0,34,100,1000
17,5,Masculine,Match,Latin,50,600,311,0,89,0,1000
17,5,Masculine,Match,Latin,150,690,240,9,61,0,1000
17,5,Masculine,Match,Latin,250,660,205,0,135,0,1000
17,5,Masculine,Match,Latin,350,548,125,197,130,0,1000
17,5,Masculine,Match,Latin,450,523,129,239,109,0,1000
17,5,Masculine,Match,Latin,550,462,192,298,48,0,1000
17,5,Masculine,Match,Latin,650,516,155,134,195,0,1000
17,5,Masculine,Match,Latin,750,679,100,77,144,0,1000
17,7,Feminine,Filler,Latin,50,711,1227,812,250,0,3000
17,7,Feminine,Filler,Latin,150,563,1319,649,469,0,3000
17,7,Feminine,Filler,Latin,250,853,1139,731,277,0,3000
17,7,Feminine,Filler,Latin,350,1076,874,633,417,0,3000
17,7,Feminine,Filler,Latin,450,1462,445,844,249,0,3000
17,7,Feminine,Filler,Latin,550,1597,362,893,148,0,3000
17,7,Feminine,Filler,Latin,650,1781,100,862,257,0,3000
17,7,Feminine,Filler,Latin,750,1614,5,967,297,117,3000
17,8,Masculine,Filler,Latin,50,1201,1003,423,373,0,3000
17,8,Masculine,Filler,Latin,150,1277,894,661,168,0,3000
17,8,Masculine,Filler,Latin,250,1383,544,668,405,0,3000
17,8,Masculine,Filler,Latin,350,1702,318,622,358,0,3000
17,8,Masculine,Filler,Latin,450,2078,231,477,211,3,3000
17,8,Masculine,Filler,Latin,550,2017,249,429,257,48,3000
17,8,Masculine,Filler,Latin,650,1982,146,579,293,0,3000
17,8,Masculine,Filler,Latin,750,1781,28,545,434,212,3000
33,1,Feminine,Control,US,50,239,427,100,187,47,1000
33,1,Feminine,Control,US,150,190,566,87,117,40,1000
33,1,Feminine,Control,US,250,300,623,0,77,0,1000
33,1,Feminine,Control,US,350,278,564,0,123,35,1000
33,1,Feminine,Control,US,450,300,479,0,144,77,1000
33,1,Feminine,Control,US,550,429,324,0,210,37,1000
33,1,Feminine,Control,US,650,727,112,0,161,0,1000
33,1,Feminine,Control,US,750,983,0,0,17,0,1000
33,2,Feminine,Match,US,50,380,552,0,68,0,1000
33,2,Feminine,Match,US,150,458,308,22,212,0,1000
33,2,Feminine,Match,US,250,621,190,100,89,0,1000
33,2,Feminine,Match,US,350,645,170,85,100,0,1000
33,2,Feminine,Match,US,450,837,39,0,124,0,1000
33,2,Feminine,Match,US,550,938,0,0,62,0,1000
33,2,Feminine,Match,US,650,848,47,0,105,0,1000
33,2,Feminine,Match,US,750,880,100,0,20,0,1000
33,4,Masculine,Control,US,50,577,377,0,46,0,1000
33,4,Masculine,Control,US,150,465,405,0,107,23,1000
33,4,Masculine,Control,US,250,453,251,0,228,68,1000
33,4,Masculine,Control,US,350,709,189,0,102,0,1000
33,4,Masculine,Control,US,450,771,200,0,29,0,1000
33,4,Masculine,Control,US,550,711,190,0,99,0,1000
33,4,Masculine,Control,US,650,699,224,0,77,0,1000
33,4,Masculine,Control,US,750,896,11,0,93,0,1000
33,5,Masculine,Match,US,50,563,279,3,155,0,1000
33,5,Masculine,Match,US,150,554,326,0,120,0,1000
33,5,Masculine,Match,US,250,317,459,0,224,0,1000
33,5,Masculine,Match,US,350,386,580,0,34,0,1000
33,5,Masculine,Match,US,450,370,541,0,89,0,1000
33,5,Masculine,Match,US,550,441,457,0,102,0,1000
33,5,Masculine,Match,US,650,592,330,0,78,0,1000
33,5,Masculine,Match,US,750,782,119,0,99,0,1000
33,7,Feminine,Filler,US,50,1288,1184,13,383,132,3000
33,7,Feminine,Filler,US,150,1096,1430,0,460,14,3000
33,7,Feminine,Filler,US,250,1143,1553,0,304,0,3000
33,7,Feminine,Filler,US,350,1335,1091,173,401,0,3000
33,7,Feminine,Filler,US,450,1637,841,181,341,0,3000
33,7,Feminine,Filler,US,550,2166,625,0,209,0,3000
33,7,Feminine,Filler,US,650,2473,178,0,349,0,3000
33,7,Feminine,Filler,US,750,2619,152,98,131,0,3000
33,8,Masculine,Filler,US,50,1085,1395,128,292,0,2900
33,8,Masculine,Filler,US,150,1212,1233,161,294,0,2900
33,8,Masculine,Filler,US,250,1298,1084,189,329,0,2900
33,8,Masculine,Filler,US,350,1281,1171,172,276,0,2900
33,8,Masculine,Filler,US,450,1444,842,168,446,0,2900
33,8,Masculine,Filler,US,550,1879,542,193,286,0,2900
33,8,Masculine,Filler,US,650,2472,193,0,235,0,2900
33,8,Masculine,Filler,US,750,2736,13,0,151,0,2900
11,1,Feminine,Control,Latin,50,416,336,4,144,100,1000
11,1,Feminine,Control,Latin,150,500,299,0,133,68,1000
11,1,Feminine,Control,Latin,250,444,361,0,153,42,1000
11,1,Feminine,Control,Latin,350,274,522,0,148,56,1000
11,1,Feminine,Control,Latin,450,178,618,0,204,0,1000
11,1,Feminine,Control,Latin,550,284,407,0,224,85,1000
11,1,Feminine,Control,Latin,650,394,409,0,188,9,1000
11,1,Feminine,Control,Latin,750,581,243,0,176,0,1000
11,2,Feminine,Match,Latin,50,450,381,0,138,31,1000
11,2,Feminine,Match,Latin,150,465,400,0,73,62,1000
11,2,Feminine,Match,Latin,250,525,340,0,135,0,1000
11,2,Feminine,Match,Latin,350,529,307,0,164,0,1000
11,2,Feminine,Match,Latin,450,417,477,0,84,22,1000
11,2,Feminine,Match,Latin,550,412,425,0,139,24,1000
11,2,Feminine,Match,Latin,650,688,153,5,154,0,1000
11,2,Feminine,Match,Latin,750,864,100,20,16,0,1000
11,4,Masculine,Control,Latin,50,611,236,0,144,9,1000
11,4,Masculine,Control,Latin,150,471,389,0,83,57,1000
11,4,Masculine,Control,Latin,250,444,403,4,149,0,1000
11,4,Masculine,Control,Latin,350,523,275,29,163,10,1000
11,4,Masculine,Control,Latin,450,537,153,60,177,73,1000
11,4,Masculine,Control,Latin,550,575,247,0,178,0,1000
11,4,Masculine,Control,Latin,650,520,196,40,244,0,1000
11,4,Masculine,Control,Latin,750,525,100,289,86,0,1000
11,5,Masculine,Match,Latin,50,436,242,51,105,66,900
11,5,Masculine,Match,Latin,150,354,392,0,79,75,900
11,5,Masculine,Match,Latin,250,447,336,1,116,0,900
11,5,Masculine,Match,Latin,350,555,252,0,93,0,900
11,5,Masculine,Match,Latin,450,347,312,0,241,0,900
11,5,Masculine,Match,Latin,550,292,386,88,134,0,900
11,5,Masculine,Match,Latin,650,524,253,11,112,0,900
11,5,Masculine,Match,Latin,750,619,155,0,126,0,900
11,7,Feminine,Filler,Latin,50,1027,1461,100,412,0,3000
11,7,Feminine,Filler,Latin,150,886,1418,44,417,235,3000
11,7,Feminine,Filler,Latin,250,1055,1288,53,456,148,3000
11,7,Feminine,Filler,Latin,350,1084,1253,92,348,223,3000
11,7,Feminine,Filler,Latin,450,1330,1126,4,540,0,3000
11,7,Feminine,Filler,Latin,550,1729,704,91,476,0,3000
11,7,Feminine,Filler,Latin,650,2338,219,4,386,53,3000
11,7,Feminine,Filler,Latin,750,2451,100,68,325,56,3000
11,8,Masculine,Filler,Latin,50,1286,1084,97,398,135,3000
11,8,Masculine,Filler,Latin,150,1539,905,75,333,148,3000
11,8,Masculine,Filler,Latin,250,1251,1135,0,487,127,3000
11,8,Masculine,Filler,Latin,350,1185,1358,10,400,47,3000
11,8,Masculine,Filler,Latin,450,1422,949,108,508,13,3000
11,8,Masculine,Filler,Latin,550,1879,478,141,426,76,3000
11,8,Masculine,Filler,Latin,650,2177,174,122,379,148,3000
11,8,Masculine,Filler,Latin,750,2435,200,24,327,14,3000
35,1,Feminine,Control,Latin,50,275,185,440,100,0,1000
35,1,Feminine,Control,Latin,150,180,386,396,38,0,1000
35,1,Feminine,Control,Latin,250,100,462,400,38,0,1000
35,1,Feminine,Control,Latin,350,24,357,378,182,59,1000
35,1,Feminine,Control,Latin,450,296,273,243,163,25,1000
35,1,Feminine,Control,Latin,550,539,215,177,69,0,1000
35,1,Feminine,Control,Latin,650,650,124,146,80,0,1000
35,1,Feminine,Control,Latin,750,766,100,100,34,0,1000
35,2,Feminine,Match,Latin,50,248,201,459,92,0,1000
35,2,Feminine,Match,Latin,150,300,200,500,0,0,1000
35,2,Feminine,Match,Latin,250,289,100,542,69,0,1000
35,2,Feminine,Match,Latin,350,366,100,474,60,0,1000
35,2,Feminine,Match,Latin,450,582,100,266,52,0,1000
35,2,Feminine,Match,Latin,550,547,69,241,143,0,1000
35,2,Feminine,Match,Latin,650,600,100,268,32,0,1000
35,2,Feminine,Match,Latin,750,771,36,125,68,0,1000
35,4,Masculine,Control,Latin,50,10,528,377,85,0,1000
35,4,Masculine,Control,Latin,150,28,593,313,66,0,1000
35,4,Masculine,Control,Latin,250,197,600,200,3,0,1000
35,4,Masculine,Control,Latin,350,231,519,200,50,0,1000
35,4,Masculine,Control,Latin,450,442,300,98,160,0,1000
35,4,Masculine,Control,Latin,550,789,125,0,86,0,1000
35,4,Masculine,Control,Latin,650,875,75,0,50,0,1000
35,4,Masculine,Control,Latin,750,903,0,0,97,0,1000
35,5,Masculine,Match,Latin,50,107,680,137,76,0,1000
35,5,Masculine,Match,Latin,150,258,501,169,72,0,1000
35,5,Masculine,Match,Latin,250,368,309,169,154,0,1000
35,5,Masculine,Match,Latin,350,571,100,298,31,0,1000
35,5,Masculine,Match,Latin,450,579,153,191,77,0,1000
35,5,Masculine,Match,Latin,550,617,278,19,86,0,1000
35,5,Masculine,Match,Latin,650,676,263,0,61,0,1000
35,5,Masculine,Match,Latin,750,829,69,0,102,0,1000
35,7,Feminine,Filler,Latin,50,960,1028,822,190,0,3000
35,7,Feminine,Filler,Latin,150,946,1046,813,189,6,3000
35,7,Feminine,Filler,Latin,250,1153,1100,606,85,56,3000
35,7,Feminine,Filler,Latin,350,1119,943,693,245,0,3000
35,7,Feminine,Filler,Latin,450,1822,470,328,380,0,3000
35,7,Feminine,Filler,Latin,550,2444,293,124,139,0,3000
35,7,Feminine,Filler,Latin,650,2553,90,155,179,23,3000
35,7,Feminine,Filler,Latin,750,2565,100,82,139,114,3000
35,8,Masculine,Filler,Latin,50,879,791,920,210,0,2800
35,8,Masculine,Filler,Latin,150,931,900,892,77,0,2800
35,8,Masculine,Filler,Latin,250,749,1022,759,270,0,2800
35,8,Masculine,Filler,Latin,350,865,1004,713,218,0,2800
35,8,Masculine,Filler,Latin,450,1283,815,400,277,25,2800
35,8,Masculine,Filler,Latin,550,1912,471,188,229,0,2800
35,8,Masculine,Filler,Latin,650,2246,357,68,129,0,2800
35,8,Masculine,Filler,Latin,750,2470,201,0,101,28,2800
21,1,Feminine,Control,Latin,50,351,370,108,171,0,1000
21,1,Feminine,Control,Latin,150,475,359,100,66,0,1000
21,1,Feminine,Control,Latin,250,400,457,100,43,0,1000
21,1,Feminine,Control,Latin,350,482,180,62,276,0,1000
21,1,Feminine,Control,Latin,450,746,151,0,103,0,1000
21,1,Feminine,Control,Latin,550,878,38,0,84,0,1000
21,1,Feminine,Control,Latin,650,1000,0,0,0,0,1000
21,1,Feminine,Control,Latin,750,1000,0,0,0,0,1000
21,2,Feminine,Match,Latin,50,455,300,152,93,0,1000
21,2,Feminine,Match,Latin,150,499,367,46,88,0,1000
21,2,Feminine,Match,Latin,250,714,200,0,86,0,1000
21,2,Feminine,Match,Latin,350,670,243,0,87,0,1000
21,2,Feminine,Match,Latin,450,497,372,0,131,0,1000
21,2,Feminine,Match,Latin,550,390,527,0,83,0,1000
21,2,Feminine,Match,Latin,650,471,310,81,138,0,1000
21,2,Feminine,Match,Latin,750,651,210,33,106,0,1000
21,4,Masculine,Control,Latin,50,674,153,54,119,0,1000
21,4,Masculine,Control,Latin,150,461,263,100,176,0,1000
21,4,Masculine,Control,Latin,250,282,560,97,61,0,1000
21,4,Masculine,Control,Latin,350,432,413,0,155,0,1000
21,4,Masculine,Control,Latin,450,709,154,0,137,0,1000
21,4,Masculine,Control,Latin,550,922,12,0,66,0,1000
21,4,Masculine,Control,Latin,650,970,0,0,30,0,1000
21,4,Masculine,Control,Latin,750,856,66,0,78,0,1000
21,5,Masculine,Match,Latin,50,428,419,0,153,0,1000
21,5,Masculine,Match,Latin,150,380,600,0,20,0,1000
21,5,Masculine,Match,Latin,250,485,382,0,133,0,1000
21,5,Masculine,Match,Latin,350,542,190,87,181,0,1000
21,5,Masculine,Match,Latin,450,585,176,77,138,24,1000
21,5,Masculine,Match,Latin,550,472,285,9,60,174,1000
21,5,Masculine,Match,Latin,650,445,211,0,149,195,1000
21,5,Masculine,Match,Latin,750,684,136,0,156,24,1000
21,7,Feminine,Filler,Latin,50,1270,1374,147,209,0,3000
21,7,Feminine,Filler,Latin,150,1062,1251,284,403,0,3000
21,7,Feminine,Filler,Latin,250,1326,1010,421,243,0,3000
21,7,Feminine,Filler,Latin,350,1457,916,268,359,0,3000
21,7,Feminine,Filler,Latin,450,1954,623,67,356,0,3000
21,7,Feminine,Filler,Latin,550,2499,267,13,221,0,3000
21,7,Feminine,Filler,Latin,650,2636,156,100,108,0,3000
21,7,Feminine,Filler,Latin,750,2734,17,81,168,0,3000
21,8,Masculine,Filler,Latin,50,1053,1022,248,426,251,3000
21,8,Masculine,Filler,Latin,150,1427,1003,141,390,39,3000
21,8,Masculine,Filler,Latin,250,1487,1072,132,309,0,3000
21,8,Masculine,Filler,Latin,350,1675,841,168,316,0,3000
21,8,Masculine,Filler,Latin,450,2399,274,18,309,0,3000
21,8,Masculine,Filler,Latin,550,2686,144,0,151,19,3000
21,8,Masculine,Filler,Latin,650,2426,147,62,218,147,3000
21,8,Masculine,Filler,Latin,750,2474,200,74,137,115,3000
44,1,Feminine,Control,Latin,50,187,308,362,143,0,1000
44,1,Feminine,Control,Latin,150,200,248,492,60,0,1000
44,1,Feminine,Control,Latin,250,336,56,464,144,0,1000
44,1,Feminine,Control,Latin,350,653,0,254,93,0,1000
44,1,Feminine,Control,Latin,450,800,0,188,12,0,1000
44,1,Feminine,Control,Latin,550,717,27,159,97,0,1000
44,1,Feminine,Control,Latin,650,684,120,113,83,0,1000
44,1,Feminine,Control,Latin,750,636,200,79,85,0,1000
44,2,Feminine,Match,Latin,50,282,685,0,33,0,1000
44,2,Feminine,Match,Latin,150,300,698,0,2,0,1000
44,2,Feminine,Match,Latin,250,366,536,0,98,0,1000
44,2,Feminine,Match,Latin,350,296,578,0,126,0,1000
44,2,Feminine,Match,Latin,450,200,800,0,0,0,1000
44,2,Feminine,Match,Latin,550,241,594,0,165,0,1000
44,2,Feminine,Match,Latin,650,527,373,0,100,0,1000
44,2,Feminine,Match,Latin,750,684,171,0,145,0,1000
44,4,Masculine,Control,Latin,50,380,281,300,39,0,1000
44,4,Masculine,Control,Latin,150,397,300,303,0,0,1000
44,4,Masculine,Control,Latin,250,399,300,301,0,0,1000
44,4,Masculine,Control,Latin,350,424,216,293,67,0,1000
44,4,Masculine,Control,Latin,450,446,203,167,184,0,1000
44,4,Masculine,Control,Latin,550,661,54,200,85,0,1000
44,4,Masculine,Control,Latin,650,801,0,149,50,0,1000
44,4,Masculine,Control,Latin,750,877,0,100,23,0,1000
44,5,Masculine,Match,Latin,50,451,300,200,49,0,1000
44,5,Masculine,Match,Latin,150,451,300,172,77,0,1000
44,5,Masculine,Match,Latin,250,600,284,100,16,0,1000
44,5,Masculine,Match,Latin,350,496,279,157,68,0,1000
44,5,Masculine,Match,Latin,450,388,300,234,78,0,1000
44,5,Masculine,Match,Latin,550,325,394,213,68,0,1000
44,5,Masculine,Match,Latin,650,325,302,185,188,0,1000
44,5,Masculine,Match,Latin,750,537,200,176,87,0,1000
44,7,Feminine,Filler,Latin,50,1084,881,828,207,0,3000
44,7,Feminine,Filler,Latin,150,1272,931,692,105,0,3000
44,7,Feminine,Filler,Latin,250,1305,920,632,143,0,3000
44,7,Feminine,Filler,Latin,350,1193,862,624,321,0,3000
44,7,Feminine,Filler,Latin,450,1349,761,566,324,0,3000
44,7,Feminine,Filler,Latin,550,1665,665,565,105,0,3000
44,7,Feminine,Filler,Latin,650,1705,549,503,243,0,3000
44,7,Feminine,Filler,Latin,750,1697,598,558,147,0,3000
44,8,Masculine,Filler,Latin,50,1628,500,774,98,0,3000
44,8,Masculine,Filler,Latin,150,1681,554,648,117,0,3000
44,8,Masculine,Filler,Latin,250,1607,556,670,167,0,3000
44,8,Masculine,Filler,Latin,350,1340,675,741,244,0,3000
44,8,Masculine,Filler,Latin,450,1427,705,571,297,0,3000
44,8,Masculine,Filler,Latin,550,1670,605,365,360,0,3000
44,8,Masculine,Filler,Latin,650,2197,370,300,133,0,3000
44,8,Masculine,Filler,Latin,750,2239,314,300,147,0,3000
28,1,Feminine,Control,US,50,448,114,137,201,100,1000
28,1,Feminine,Control,US,150,314,218,246,173,49,1000
28,1,Feminine,Control,US,250,196,460,259,85,0,1000
28,1,Feminine,Control,US,350,237,579,28,156,0,1000
28,1,Feminine,Control,US,450,312,518,2,123,45,1000
28,1,Feminine,Control,US,550,550,300,0,100,50,1000
28,1,Feminine,Control,US,650,742,190,0,68,0,1000
28,1,Feminine,Control,US,750,870,90,0,40,0,1000
28,2,Feminine,Match,US,50,439,284,162,115,0,1000
28,2,Feminine,Match,US,150,218,533,100,60,89,1000
28,2,Feminine,Match,US,250,165,655,100,65,15,1000
28,2,Feminine,Match,US,350,217,532,43,208,0,1000
28,2,Feminine,Match,US,450,625,300,0,75,0,1000
28,2,Feminine,Match,US,550,708,186,0,106,0,1000
28,2,Feminine,Match,US,650,788,166,0,46,0,1000
28,2,Feminine,Match,US,750,840,92,0,68,0,1000
28,4,Masculine,Control,US,50,535,219,78,168,0,1000
28,4,Masculine,Control,US,150,764,100,100,36,0,1000
28,4,Masculine,Control,US,250,843,100,7,50,0,1000
28,4,Masculine,Control,US,350,802,100,0,98,0,1000
28,4,Masculine,Control,US,450,878,78,0,44,0,1000
28,4,Masculine,Control,US,550,872,31,3,94,0,1000
28,4,Masculine,Control,US,650,852,100,6,28,14,1000
28,4,Masculine,Control,US,750,685,100,0,37,178,1000
28,5,Masculine,Match,US,50,621,208,56,115,0,1000
28,5,Masculine,Match,US,150,744,104,5,147,0,1000
28,5,Masculine,Match,US,250,451,277,100,172,0,1000
28,5,Masculine,Match,US,350,428,372,45,155,0,1000
28,5,Masculine,Match,US,450,521,292,0,187,0,1000
28,5,Masculine,Match,US,550,502,414,0,84,0,1000
28,5,Masculine,Match,US,650,680,300,0,20,0,1000
28,5,Masculine,Match,US,750,756,200,0,44,0,1000
28,7,Feminine,Filler,US,50,1136,1082,465,317,0,3000
28,7,Feminine,Filler,US,150,1188,1105,316,308,83,3000
28,7,Feminine,Filler,US,250,1624,1029,0,347,0,3000
28,7,Feminine,Filler,US,350,1744,747,3,506,0,3000
28,7,Feminine,Filler,US,450,2306,272,74,348,0,3000
28,7,Feminine,Filler,US,550,2740,100,53,107,0,3000
28,7,Feminine,Filler,US,650,2750,47,72,131,0,3000
28,7,Feminine,Filler,US,750,2967,0,0,33,0,3000
28,8,Masculine,Filler,US,50,1558,987,106,282,67,3000
28,8,Masculine,Filler,US,150,1869,753,100,222,56,3000
28,8,Masculine,Filler,US,250,1908,693,0,399,0,3000
28,8,Masculine,Filler,US,350,1578,959,0,376,87,3000
28,8,Masculine,Filler,US,450,1764,974,0,247,15,3000
28,8,Masculine,Filler,US,550,2132,525,0,343,0,3000
28,8,Masculine,Filler,US,650,2369,282,0,349,0,3000
28,8,Masculine,Filler,US,750,2582,352,0,66,0,3000
06,1,Feminine,Control,Latin,50,0,726,195,53,26,1000
06,1,Feminine,Control,Latin,150,80,547,136,191,46,1000
06,1,Feminine,Control,Latin,250,172,404,291,133,0,1000
06,1,Feminine,Control,Latin,350,382,243,249,126,0,1000
06,1,Feminine,Control,Latin,450,522,192,66,220,0,1000
06,1,Feminine,Control,Latin,550,756,200,0,44,0,1000
06,1,Feminine,Control,Latin,650,800,200,0,0,0,1000
06,1,Feminine,Control,Latin,750,827,95,0,78,0,1000
06,2,Feminine,Match,Latin,50,600,372,0,28,0,1000
06,2,Feminine,Match,Latin,150,670,173,0,157,0,1000
06,2,Feminine,Match,Latin,250,656,183,0,161,0,1000
06,2,Feminine,Match,Latin,350,498,368,0,134,0,1000
06,2,Feminine,Match,Latin,450,575,400,0,25,0,1000
06,2,Feminine,Match,Latin,550,566,393,0,41,0,1000
06,2,Feminine,Match,Latin,650,625,213,1,161,0,1000
06,2,Feminine,Match,Latin,750,800,152,0,48,0,1000
06,4,Masculine,Control,Latin,50,565,279,0,156,0,1000
06,4,Masculine,Control,Latin,150,567,400,0,33,0,1000
06,4,Masculine,Control,Latin,250,496,400,0,104,0,1000
06,4,Masculine,Control,Latin,350,637,197,0,166,0,1000
06,4,Masculine,Control,Latin,450,785,187,0,28,0,1000
06,4,Masculine,Control,Latin,550,799,170,0,31,0,1000
06,4,Masculine,Control,Latin,650,843,45,0,112,0,1000
06,4,Masculine,Control,Latin,750,904,52,6,38,0,1000
06,5,Masculine,Match,Latin,50,687,288,0,25,0,1000
06,5,Masculine,Match,Latin,150,628,124,85,163,0,1000
06,5,Masculine,Match,Latin,250,522,276,100,102,0,1000
06,5,Masculine,Match,Latin,350,319,455,65,161,0,1000
06,5,Masculine,Match,Latin,450,271,642,4,83,0,1000
06,5,Masculine,Match,Latin,550,248,543,100,109,0,1000
06,5,Masculine,Match,Latin,650,504,296,100,100,0,1000
06,5,Masculine,Match,Latin,750,741,100,34,125,0,1000
06,7,Feminine,Filler,Latin,50,776,1537,469,218,0,3000
06,7,Feminine,Filler,Latin,150,776,1698,346,180,0,3000
06,7,Feminine,Filler,Latin,250,965,1445,159,431,0,3000
06,7,Feminine,Filler,Latin,350,1160,1477,194,169,0,3000
06,7,Feminine,Filler,Latin,450,1152,917,365,566,0,3000
06,7,Feminine,Filler,Latin,550,1956,363,278,403,0,3000
06,7,Feminine,Filler,Latin,650,2605,146,100,149,0,3000
06,7,Feminine,Filler,Latin,750,2834,100,16,50,0,3000
06,8,Masculine,Filler,Latin,50,1046,1251,513,190,0,3000
06,8,Masculine,Filler,Latin,150,1088,1324,343,245,0,3000
06,8,Masculine,Filler,Latin,250,949,1287,363,401,0,3000
06,8,Masculine,Filler,Latin,350,1124,1203,322,351,0,3000
06,8,Masculine,Filler,Latin,450,1489,783,130,598,0,3000
06,8,Masculine,Filler,Latin,550,2229,406,23,342,0,3000
06,8,Masculine,Filler,Latin,650,2706,107,0,187,0,3000
06,8,Masculine,Filler,Latin,750,2840,21,0,139,0,3000
14,1,Feminine,Control,Other,50,468,279,191,62,0,1000
14,1,Feminine,Control,Other,150,410,279,129,182,0,1000
14,1,Feminine,Control,Other,250,500,400,100,0,0,1000
14,1,Feminine,Control,Other,350,469,356,38,137,0,1000
14,1,Feminine,Control,Other,450,520,345,27,108,0,1000
14,1,Feminine,Control,Other,550,573,313,1,113,0,1000
14,1,Feminine,Control,Other,650,722,75,100,103,0,1000
14,1,Feminine,Control,Other,750,878,0,4,118,0,1000
14,2,Feminine,Match,Other,50,446,98,201,255,0,1000
14,2,Feminine,Match,Other,150,584,200,183,33,0,1000
14,2,Feminine,Match,Other,250,600,185,200,15,0,1000
14,2,Feminine,Match,Other,350,676,100,200,24,0,1000
14,2,Feminine,Match,Other,450,548,241,27,184,0,1000
14,2,Feminine,Match,Other,550,568,383,0,49,0,1000
14,2,Feminine,Match,Other,650,653,218,42,87,0,1000
14,2,Feminine,Match,Other,750,758,71,100,71,0,1000
14,4,Masculine,Control,Other,50,299,438,160,103,0,1000
14,4,Masculine,Control,Other,150,291,537,16,156,0,1000
14,4,Masculine,Control,Other,250,400,560,0,40,0,1000
14,4,Masculine,Control,Other,350,482,385,0,133,0,1000
14,4,Masculine,Control,Other,450,644,132,83,141,0,1000
14,4,Masculine,Control,Other,550,792,100,100,8,0,1000
14,4,Masculine,Control,Other,650,738,42,82,138,0,1000
14,4,Masculine,Control,Other,750,795,100,100,5,0,1000
14,5,Masculine,Match,Other,50,466,278,200,56,0,1000
14,5,Masculine,Match,Other,150,218,379,245,158,0,1000
14,5,Masculine,Match,Other,250,261,352,300,87,0,1000
14,5,Masculine,Match,Other,350,302,388,210,100,0,1000
14,5,Masculine,Match,Other,450,400,483,100,17,0,1000
14,5,Masculine,Match,Other,550,402,379,107,112,0,1000
14,5,Masculine,Match,Other,650,498,258,202,42,0,1000
14,5,Masculine,Match,Other,750,562,142,186,110,0,1000
14,7,Feminine,Filler,Other,50,972,1024,668,336,0,3000
14,7,Feminine,Filler,Other,150,887,1387,557,169,0,3000
14,7,Feminine,Filler,Other,250,918,1384,433,265,0,3000
14,7,Feminine,Filler,Other,350,1072,1352,135,441,0,3000
14,7,Feminine,Filler,Other,450,1541,1008,181,270,0,3000
14,7,Feminine,Filler,Other,550,2006,426,274,294,0,3000
14,7,Feminine,Filler,Other,650,2577,147,59,217,0,3000
14,7,Feminine,Filler,Other,750,2769,100,100,31,0,3000
14,8,Masculine,Filler,Other,50,887,1187,645,281,0,3000
14,8,Masculine,Filler,Other,150,1357,782,561,300,0,3000
14,8,Masculine,Filler,Other,250,1520,649,456,375,0,3000
14,8,Masculine,Filler,Other,350,1747,647,212,394,0,3000
14,8,Masculine,Filler,Other,450,2080,630,102,188,0,3000
14,8,Masculine,Filler,Other,550,2338,328,101,233,0,3000
14,8,Masculine,Filler,Other,650,2492,271,107,130,0,3000
14,8,Masculine,Filler,Other,750,2534,134,100,232,0,3000
24,1,Feminine,Control,Latin,50,362,400,200,38,0,1000
24,1,Feminine,Control,Latin,150,274,416,202,108,0,1000
24,1,Feminine,Control,Latin,250,197,447,169,187,0,1000
24,1,Feminine,Control,Latin,350,300,641,2,57,0,1000
24,1,Feminine,Control,Latin,450,342,590,0,68,0,1000
24,1,Feminine,Control,Latin,550,353,363,54,230,0,1000
24,1,Feminine,Control,Latin,650,532,286,100,82,0,1000
24,1,Feminine,Control,Latin,750,680,153,100,67,0,1000
24,2,Feminine,Match,Latin,50,521,378,0,101,0,1000
24,2,Feminine,Match,Latin,150,670,273,0,57,0,1000
24,2,Feminine,Match,Latin,250,394,456,0,150,0,1000
24,2,Feminine,Match,Latin,350,352,525,0,123,0,1000
24,2,Feminine,Match,Latin,450,451,384,0,165,0,1000
24,2,Feminine,Match,Latin,550,557,152,85,206,0,1000
24,2,Feminine,Match,Latin,650,696,200,100,4,0,1000
24,2,Feminine,Match,Latin,750,647,136,100,117,0,1000
24,4,Masculine,Control,Latin,50,482,239,222,57,0,1000
24,4,Masculine,Control,Latin,150,540,76,288,96,0,1000
24,4,Masculine,Control,Latin,250,631,51,201,117,0,1000
24,4,Masculine,Control,Latin,350,634,100,181,85,0,1000
24,4,Masculine,Control,Latin,450,676,98,128,98,0,1000
24,4,Masculine,Control,Latin,550,790,100,94,16,0,1000
24,4,Masculine,Control,Latin,650,862,81,0,57,0,1000
24,4,Masculine,Control,Latin,750,921,0,0,79,0,1000
24,5,Masculine,Match,Latin,50,400,500,87,13,0,1000
24,5,Masculine,Match,Latin,150,283,460,100,157,0,1000
24,5,Masculine,Match,Latin,250,327,442,99,132,0,1000
24,5,Masculine,Match,Latin,350,467,396,0,137,0,1000
24,5,Masculine,Match,Latin,450,390,496,0,114,0,1000
24,5,Masculine,Match,Latin,550,441,455,0,104,0,1000
24,5,Masculine,Match,Latin,650,626,259,0,115,0,1000
24,5,Masculine,Match,Latin,750,825,100,0,75,0,1000
24,7,Feminine,Filler,Latin,50,909,1429,104,521,37,3000
24,7,Feminine,Filler,Latin,150,845,1746,200,209,0,3000
24,7,Feminine,Filler,Latin,250,835,1529,220,416,0,3000
24,7,Feminine,Filler,Latin,350,1173,1181,63,583,0,3000
24,7,Feminine,Filler,Latin,450,1749,791,30,430,0,3000
24,7,Feminine,Filler,Latin,550,2185,483,103,229,0,3000
24,7,Feminine,Filler,Latin,650,2441,198,138,223,0,3000
24,7,Feminine,Filler,Latin,750,2654,41,100,205,0,3000
24,8,Masculine,Filler,Latin,50,1541,870,300,289,0,3000
24,8,Masculine,Filler,Latin,150,1554,954,214,278,0,3000
24,8,Masculine,Filler,Latin,250,1193,1144,65,598,0,3000
24,8,Masculine,Filler,Latin,350,1269,1385,0,308,38,3000
24,8,Masculine,Filler,Latin,450,1549,959,0,415,77,3000
24,8,Masculine,Filler,Latin,550,2205,357,16,422,0,3000
24,8,Masculine,Filler,Latin,650,2646,157,0,197,0,3000
24,8,Masculine,Filler,Latin,750,2867,100,0,33,0,3000
47,1,Feminine,Control,US,50,190,83,629,98,0,1000
47,1,Feminine,Control,US,150,286,106,494,114,0,1000
47,1,Feminine,Control,US,250,354,152,378,116,0,1000
47,1,Feminine,Control,US,350,330,203,319,148,0,1000
47,1,Feminine,Control,US,450,463,173,198,166,0,1000
47,1,Feminine,Control,US,550,604,200,108,88,0,1000
47,1,Feminine,Control,US,650,691,146,100,63,0,1000
47,1,Feminine,Control,US,750,777,100,78,45,0,1000
47,2,Feminine,Match,US,50,228,130,468,174,0,1000
47,2,Feminine,Match,US,150,272,100,524,104,0,1000
47,2,Feminine,Match,US,250,358,161,357,124,0,1000
47,2,Feminine,Match,US,350,565,200,176,59,0,1000
47,2,Feminine,Match,US,450,570,142,160,128,0,1000
47,2,Feminine,Match,US,550,425,189,284,102,0,1000
47,2,Feminine,Match,US,650,421,300,215,64,0,1000
47,2,Feminine,Match,US,750,562,213,142,83,0,1000
47,4,Masculine,Control,US,50,143,261,406,131,59,1000
47,4,Masculine,Control,US,150,100,163,614,90,33,1000
47,4,Masculine,Control,US,250,138,146,569,147,0,1000
47,4,Masculine,Control,US,350,283,169,500,48,0,1000
47,4,Masculine,Control,US,450,410,100,389,101,0,1000
47,4,Masculine,Control,US,550,623,27,214,136,0,1000
47,4,Masculine,Control,US,650,862,0,96,42,0,1000
47,4,Masculine,Control,US,750,891,0,56,53,0,1000
47,5,Masculine,Match,US,50,65,365,488,82,0,1000
47,5,Masculine,Match,US,150,110,341,432,117,0,1000
47,5,Masculine,Match,US,250,207,315,373,105,0,1000
47,5,Masculine,Match,US,350,300,270,381,49,0,1000
47,5,Masculine,Match,US,450,292,195,371,142,0,1000
47,5,Masculine,Match,US,550,487,173,180,160,0,1000
47,5,Masculine,Match,US,650,619,123,110,148,0,1000
47,5,Masculine,Match,US,750,779,85,0,136,0,1000
47,7,Feminine,Filler,US,50,692,198,1966,144,0,3000
47,7,Feminine,Filler,US,150,476,362,1806,356,0,3000
47,7,Feminine,Filler,US,250,642,521,1426,411,0,3000
47,7,Feminine,Filler,US,350,985,839,805,371,0,3000
47,7,Feminine,Filler,US,450,1597,526,370,507,0,3000
47,7,Feminine,Filler,US,550,2139,195,390,276,0,3000
47,7,Feminine,Filler,US,650,2447,74,244,235,0,3000
47,7,Feminine,Filler,US,750,2601,0,292,107,0,3000
47,8,Masculine,Filler,US,50,549,814,1498,139,0,3000
47,8,Masculine,Filler,US,150,585,852,1274,289,0,3000
47,8,Masculine,Filler,US,250,926,814,957,303,0,3000
47,8,Masculine,Filler,US,350,1259,547,649,545,0,3000
47,8,Masculine,Filler,US,450,1448,767,415,370,0,3000
47,8,Masculine,Filler,US,550,1793,539,369,299,0,3000
47,8,Masculine,Filler,US,650,2225,281,289,205,0,3000
47,8,Masculine,Filler,US,750,2554,76,95,275,0,3000
36,1,Feminine,Control,Latin,50,299,483,51,167,0,1000
36,1,Feminine,Control,Latin,150,312,542,100,46,0,1000
36,1,Feminine,Control,Latin,250,482,365,43,110,0,1000
36,1,Feminine,Control,Latin,350,605,268,0,127,0,1000
36,1,Feminine,Control,Latin,450,589,337,0,74,0,1000
36,1,Feminine,Control,Latin,550,576,342,23,59,0,1000
36,1,Feminine,Control,Latin,650,643,206,100,51,0,1000
36,1,Feminine,Control,Latin,750,679,190,16,115,0,1000
36,2,Feminine,Match,Latin,50,400,555,0,45,0,1000
36,2,Feminine,Match,Latin,150,418,493,0,89,0,1000
36,2,Feminine,Match,Latin,250,468,472,0,60,0,1000
36,2,Feminine,Match,Latin,350,483,486,0,31,0,1000
36,2,Feminine,Match,Latin,450,489,383,0,128,0,1000
36,2,Feminine,Match,Latin,550,630,307,0,63,0,1000
36,2,Feminine,Match,Latin,650,708,252,0,40,0,1000
36,2,Feminine,Match,Latin,750,742,200,0,58,0,1000
36,4,Masculine,Control,Latin,50,300,665,0,35,0,1000
36,4,Masculine,Control,Latin,150,300,700,0,0,0,1000
36,4,Masculine,Control,Latin,250,293,516,0,191,0,1000
36,4,Masculine,Control,Latin,350,590,300,0,110,0,1000
36,4,Masculine,Control,Latin,450,784,137,0,79,0,1000
36,4,Masculine,Control,Latin,550,875,91,0,34,0,1000
36,4,Masculine,Control,Latin,650,890,100,0,10,0,1000
36,4,Masculine,Control,Latin,750,879,100,0,21,0,1000
36,5,Masculine,Match,Latin,50,476,390,0,134,0,1000
36,5,Masculine,Match,Latin,150,600,393,0,7,0,1000
36,5,Masculine,Match,Latin,250,637,261,0,102,0,1000
36,5,Masculine,Match,Latin,350,763,200,0,37,0,1000
36,5,Masculine,Match,Latin,450,716,240,0,44,0,1000
36,5,Masculine,Match,Latin,550,692,300,0,8,0,1000
36,5,Masculine,Match,Latin,650,624,296,0,80,0,1000
36,5,Masculine,Match,Latin,750,649,300,0,51,0,1000
36,7,Feminine,Filler,Latin,50,1794,929,90,187,0,3000
36,7,Feminine,Filler,Latin,150,1697,1017,35,251,0,3000
36,7,Feminine,Filler,Latin,250,1553,1275,0,172,0,3000
36,7,Feminine,Filler,Latin,350,1394,1265,0,341,0,3000
36,7,Feminine,Filler,Latin,450,1910,820,8,262,0,3000
36,7,Feminine,Filler,Latin,550,2056,612,100,232,0,3000
36,7,Feminine,Filler,Latin,650,2045,550,100,305,0,3000
36,7,Feminine,Filler,Latin,750,2252,444,71,224,9,3000
36,8,Masculine,Filler,Latin,50,1142,1680,0,178,0,3000
36,8,Masculine,Filler,Latin,150,1223,1374,0,403,0,3000
36,8,Masculine,Filler,Latin,250,1748,1087,94,71,0,3000
36,8,Masculine,Filler,Latin,350,1729,750,54,467,0,3000
36,8,Masculine,Filler,Latin,450,2230,563,0,207,0,3000
36,8,Masculine,Filler,Latin,550,2463,399,0,138,0,3000
36,8,Masculine,Filler,Latin,650,2512,377,0,111,0,3000
36,8,Masculine,Filler,Latin,750,2543,257,74,126,0,3000
49,1,Feminine,Control,Other,50,680,100,200,20,0,1000
49,1,Feminine,Control,Other,150,700,100,200,0,0,1000
49,1,Feminine,Control,Other,250,625,92,45,238,0,1000
49,1,Feminine,Control,Other,350,586,303,0,111,0,1000
49,1,Feminine,Control,Other,450,535,366,0,99,0,1000
49,1,Feminine,Control,Other,550,603,316,0,81,0,1000
49,1,Feminine,Control,Other,650,788,95,0,117,0,1000
49,1,Feminine,Control,Other,750,964,0,0,36,0,1000
49,2,Feminine,Match,Other,50,668,200,100,32,0,1000
49,2,Feminine,Match,Other,150,576,272,100,52,0,1000
49,2,Feminine,Match,Other,250,471,269,100,160,0,1000
49,2,Feminine,Match,Other,350,437,289,59,215,0,1000
49,2,Feminine,Match,Other,450,430,502,0,68,0,1000
49,2,Feminine,Match,Other,550,511,327,0,162,0,1000
49,2,Feminine,Match,Other,650,750,77,0,173,0,1000
49,2,Feminine,Match,Other,750,992,0,0,8,0,1000
49,4,Masculine,Control,Other,50,286,698,0,16,0,1000
49,4,Masculine,Control,Other,150,325,570,0,105,0,1000
49,4,Masculine,Control,Other,250,513,387,0,100,0,1000
49,4,Masculine,Control,Other,350,700,103,0,197,0,1000
49,4,Masculine,Control,Other,450,861,85,0,54,0,1000
49,4,Masculine,Control,Other,550,813,100,0,87,0,1000
49,4,Masculine,Control,Other,650,893,49,0,58,0,1000
49,4,Masculine,Control,Other,750,996,0,0,4,0,1000
49,5,Masculine,Match,Other,50,24,900,34,42,0,1000
49,5,Masculine,Match,Other,150,39,707,100,154,0,1000
49,5,Masculine,Match,Other,250,241,497,100,162,0,1000
49,5,Masculine,Match,Other,350,430,252,198,120,0,1000
49,5,Masculine,Match,Other,450,493,152,165,190,0,1000
49,5,Masculine,Match,Other,550,794,100,3,103,0,1000
49,5,Masculine,Match,Other,650,900,100,0,0,0,1000
49,5,Masculine,Match,Other,750,887,77,0,36,0,1000
49,7,Feminine,Filler,Other,50,1139,1669,0,192,0,3000
49,7,Feminine,Filler,Other,150,1180,1618,0,202,0,3000
49,7,Feminine,Filler,Other,250,1739,881,0,380,0,3000
49,7,Feminine,Filler,Other,350,2311,445,0,244,0,3000
49,7,Feminine,Filler,Other,450,2644,178,24,154,0,3000
49,7,Feminine,Filler,Other,550,2749,9,73,169,0,3000
49,7,Feminine,Filler,Other,650,2810,0,100,90,0,3000
49,7,Feminine,Filler,Other,750,2732,108,100,60,0,3000
49,8,Masculine,Filler,Other,50,976,1545,356,123,0,3000
49,8,Masculine,Filler,Other,150,933,1577,246,244,0,3000
49,8,Masculine,Filler,Other,250,975,1300,200,525,0,3000
49,8,Masculine,Filler,Other,350,1457,912,207,424,0,3000
49,8,Masculine,Filler,Other,450,2091,548,100,261,0,3000
49,8,Masculine,Filler,Other,550,2457,238,83,222,0,3000
49,8,Masculine,Filler,Other,650,2663,109,0,228,0,3000
49,8,Masculine,Filler,Other,750,2883,100,0,17,0,3000
56,1,Feminine,Control,US,50,331,203,390,76,0,1000
56,1,Feminine,Control,US,150,385,100,477,37,1,1000
56,1,Feminine,Control,US,250,358,110,328,129,75,1000
56,1,Feminine,Control,US,350,481,140,210,141,28,1000
56,1,Feminine,Control,US,450,613,100,148,139,0,1000
56,1,Feminine,Control,US,550,749,4,200,47,0,1000
56,1,Feminine,Control,US,650,785,8,102,105,0,1000
56,1,Feminine,Control,US,750,708,14,152,126,0,1000
56,2,Feminine,Match,US,50,600,379,0,21,0,1000
56,2,Feminine,Match,US,150,562,379,0,59,0,1000
56,2,Feminine,Match,US,250,465,361,50,124,0,1000
56,2,Feminine,Match,US,350,391,476,83,50,0,1000
56,2,Feminine,Match,US,450,428,353,97,122,0,1000
56,2,Feminine,Match,US,550,720,133,0,147,0,1000
56,2,Feminine,Match,US,650,927,0,0,73,0,1000
56,2,Feminine,Match,US,750,979,0,0,21,0,1000
56,4,Masculine,Control,US,50,600,233,0,67,0,900
56,4,Masculine,Control,US,150,751,87,0,62,0,900
56,4,Masculine,Control,US,250,639,111,31,119,0,900
56,4,Masculine,Control,US,350,556,181,100,63,0,900
56,4,Masculine,Control,US,450,422,212,127,139,0,900
56,4,Masculine,Control,US,550,383,380,100,37,0,900
56,4,Masculine,Control,US,650,433,288,45,134,0,900
56,4,Masculine,Control,US,750,580,174,100,46,0,900
56,5,Masculine,Match,US,50,500,373,100,27,0,1000
56,5,Masculine,Match,US,150,528,315,73,84,0,1000
56,5,Masculine,Match,US,250,668,287,25,20,0,1000
56,5,Masculine,Match,US,350,603,209,0,188,0,1000
56,5,Masculine,Match,US,450,498,445,13,44,0,1000
56,5,Masculine,Match,US,550,487,364,100,49,0,1000
56,5,Masculine,Match,US,650,552,175,81,192,0,1000
56,5,Masculine,Match,US,750,870,0,96,34,0,1000
56,7,Feminine,Filler,US,50,1585,1063,249,103,0,3000
56,7,Feminine,Filler,US,150,1475,1037,250,238,0,3000
56,7,Feminine,Filler,US,250,1231,1046,404,319,0,3000
56,7,Feminine,Filler,US,350,1589,923,263,225,0,3000
56,7,Feminine,Filler,US,450,1844,536,236,384,0,3000
56,7,Feminine,Filler,US,550,2318,347,127,208,0,3000
56,7,Feminine,Filler,US,650,2515,252,10,223,0,3000
56,7,Feminine,Filler,US,750,2834,90,0,76,0,3000
56,8,Masculine,Filler,US,50,1069,1362,412,157,0,3000
56,8,Masculine,Filler,US,150,1041,1244,497,218,0,3000
56,8,Masculine,Filler,US,250,1173,966,578,283,0,3000
56,8,Masculine,Filler,US,350,1305,534,426,717,18,3000
56,8,Masculine,Filler,US,450,1884,453,270,318,75,3000
56,8,Masculine,Filler,US,550,2094,250,400,256,0,3000
56,8,Masculine,Filler,US,650,2425,100,295,180,0,3000
56,8,Masculine,Filler,US,750,2635,90,220,55,0,3000
07,1,Feminine,Control,US,50,146,785,1,68,0,1000
07,1,Feminine,Control,US,150,136,819,0,45,0,1000
07,1,Feminine,Control,US,250,186,557,0,257,0,1000
07,1,Feminine,Control,US,350,665,176,42,117,0,1000
07,1,Feminine,Control,US,450,816,0,70,114,0,1000
07,1,Feminine,Control,US,550,860,0,0,140,0,1000
07,1,Feminine,Control,US,650,956,0,0,44,0,1000
07,1,Feminine,Control,US,750,1000,0,0,0,0,1000
07,2,Feminine,Match,US,50,473,438,0,89,0,1000
07,2,Feminine,Match,US,150,567,381,0,52,0,1000
07,2,Feminine,Match,US,250,550,339,0,111,0,1000
07,2,Feminine,Match,US,350,546,305,51,98,0,1000
07,2,Feminine,Match,US,450,488,336,100,76,0,1000
07,2,Feminine,Match,US,550,618,115,49,218,0,1000
07,2,Feminine,Match,US,650,800,195,0,5,0,1000
07,2,Feminine,Match,US,750,802,100,0,98,0,1000
07,4,Masculine,Control,US,50,502,223,179,96,0,1000
07,4,Masculine,Control,US,150,666,190,45,99,0,1000
07,4,Masculine,Control,US,250,789,118,10,83,0,1000
07,4,Masculine,Control,US,350,721,130,31,118,0,1000
07,4,Masculine,Control,US,450,766,100,60,74,0,1000
07,4,Masculine,Control,US,550,693,15,148,144,0,1000
07,4,Masculine,Control,US,650,740,0,187,73,0,1000
07,4,Masculine,Control,US,750,850,0,136,14,0,1000
07,5,Masculine,Match,US,50,739,100,100,61,0,1000
07,5,Masculine,Match,US,150,656,100,150,94,0,1000
07,5,Masculine,Match,US,250,623,121,100,156,0,1000
07,5,Masculine,Match,US,350,424,302,123,151,0,1000
07,5,Masculine,Match,US,450,534,209,191,66,0,1000
07,5,Masculine,Match,US,550,574,59,200,167,0,1000
07,5,Masculine,Match,US,650,837,0,29,134,0,1000
07,5,Masculine,Match,US,750,896,0,89,15,0,1000
07,7,Feminine,Filler,US,50,1243,1329,286,142,0,3000
07,7,Feminine,Filler,US,150,1227,1362,271,140,0,3000
07,7,Feminine,Filler,US,250,1001,1284,266,449,0,3000
07,7,Feminine,Filler,US,350,1301,896,243,560,0,3000
07,7,Feminine,Filler,US,450,1861,707,121,311,0,3000
07,7,Feminine,Filler,US,550,2257,383,9,351,0,3000
07,7,Feminine,Filler,US,650,2487,245,92,176,0,3000
07,7,Feminine,Filler,US,750,2412,198,159,231,0,3000
07,8,Masculine,Filler,US,50,1288,957,350,405,0,3000
07,8,Masculine,Filler,US,150,1333,874,474,282,37,3000
07,8,Masculine,Filler,US,250,1406,910,335,285,64,3000
07,8,Masculine,Filler,US,350,1631,694,291,384,0,3000
07,8,Masculine,Filler,US,450,1939,504,240,317,0,3000
07,8,Masculine,Filler,US,550,2288,173,218,321,0,3000
07,8,Masculine,Filler,US,650,2689,31,100,180,0,3000
07,8,Masculine,Filler,US,750,2765,100,22,111,2,3000
09,1,Feminine,Control,US,50,401,352,200,47,0,1000
09,1,Feminine,Control,US,150,505,228,173,94,0,1000
09,1,Feminine,Control,US,250,612,140,188,60,0,1000
09,1,Feminine,Control,US,350,722,94,77,107,0,1000
09,1,Feminine,Control,US,450,722,215,0,63,0,1000
09,1,Feminine,Control,US,550,736,199,42,23,0,1000
09,1,Feminine,Control,US,650,718,43,158,81,0,1000
09,1,Feminine,Control,US,750,756,0,221,23,0,1000
09,2,Feminine,Match,US,50,447,246,160,147,0,1000
09,2,Feminine,Match,US,150,500,400,93,7,0,1000
09,2,Feminine,Match,US,250,445,421,0,134,0,1000
09,2,Feminine,Match,US,350,688,207,0,105,0,1000
09,2,Feminine,Match,US,450,668,240,0,92,0,1000
09,2,Feminine,Match,US,550,609,300,0,91,0,1000
09,2,Feminine,Match,US,650,701,228,0,71,0,1000
09,2,Feminine,Match,US,750,894,18,0,88,0,1000
09,4,Masculine,Control,US,50,523,309,104,64,0,1000
09,4,Masculine,Control,US,150,570,234,83,113,0,1000
09,4,Masculine,Control,US,250,596,165,140,99,0,1000
09,4,Masculine,Control,US,350,748,180,0,72,0,1000
09,4,Masculine,Control,US,450,809,100,0,91,0,1000
09,4,Masculine,Control,US,550,881,49,0,70,0,1000
09,4,Masculine,Control,US,650,1000,0,0,0,0,1000
09,4,Masculine,Control,US,750,1000,0,0,0,0,1000
09,5,Masculine,Match,US,50,183,544,92,141,40,1000
09,5,Masculine,Match,US,150,447,481,36,36,0,1000
09,5,Masculine,Match,US,250,487,236,45,232,0,1000
09,5,Masculine,Match,US,350,855,99,0,46,0,1000
09,5,Masculine,Match,US,450,856,100,0,44,0,1000
09,5,Masculine,Match,US,550,870,100,0,30,0,1000
09,5,Masculine,Match,US,650,937,12,0,51,0,1000
09,5,Masculine,Match,US,750,971,0,0,29,0,1000
09,7,Feminine,Filler,US,50,1093,995,629,283,0,3000
09,7,Feminine,Filler,US,150,1190,933,693,184,0,3000
09,7,Feminine,Filler,US,250,1304,913,487,296,0,3000
09,7,Feminine,Filler,US,350,1446,1085,156,313,0,3000
09,7,Feminine,Filler,US,450,1713,760,143,384,0,3000
09,7,Feminine,Filler,US,550,2188,295,379,138,0,3000
09,7,Feminine,Filler,US,650,2229,263,335,173,0,3000
09,7,Feminine,Filler,US,750,2101,264,391,244,0,3000
09,8,Masculine,Filler,US,50,1220,1179,425,176,0,3000
09,8,Masculine,Filler,US,150,1207,1323,290,180,0,3000
09,8,Masculine,Filler,US,250,1441,1133,55,371,0,3000
09,8,Masculine,Filler,US,350,1901,865,0,234,0,3000
09,8,Masculine,Filler,US,450,2351,387,0,262,0,3000
09,8,Masculine,Filler,US,550,2723,70,0,207,0,3000
09,8,Masculine,Filler,US,650,2720,158,23,99,0,3000
09,8,Masculine,Filler,US,750,2628,223,100,49,0,3000
46,1,Feminine,Control,Latin,50,332,300,289,79,0,1000
46,1,Feminine,Control,Latin,150,441,281,86,192,0,1000
46,1,Feminine,Control,Latin,250,649,297,0,54,0,1000
46,1,Feminine,Control,Latin,350,636,261,0,103,0,1000
46,1,Feminine,Control,Latin,450,744,107,27,122,0,1000
46,1,Feminine,Control,Latin,550,730,54,96,120,0,1000
46,1,Feminine,Control,Latin,650,706,113,100,81,0,1000
46,1,Feminine,Control,Latin,750,800,163,9,28,0,1000
46,2,Feminine,Match,Latin,50,100,749,44,107,0,1000
46,2,Feminine,Match,Latin,150,112,815,0,73,0,1000
46,2,Feminine,Match,Latin,250,309,506,0,185,0,1000
46,2,Feminine,Match,Latin,350,585,297,0,118,0,1000
46,2,Feminine,Match,Latin,450,611,219,93,77,0,1000
46,2,Feminine,Match,Latin,550,560,300,79,61,0,1000
46,2,Feminine,Match,Latin,650,609,209,89,93,0,1000
46,2,Feminine,Match,Latin,750,761,6,128,105,0,1000
46,4,Masculine,Control,Latin,50,296,416,214,74,0,1000
46,4,Masculine,Control,Latin,150,267,562,78,93,0,1000
46,4,Masculine,Control,Latin,250,289,619,0,92,0,1000
46,4,Masculine,Control,Latin,350,349,459,11,181,0,1000
46,4,Masculine,Control,Latin,450,456,348,100,96,0,1000
46,4,Masculine,Control,Latin,550,501,143,206,150,0,1000
46,4,Masculine,Control,Latin,650,300,132,389,179,0,1000
46,4,Masculine,Control,Latin,750,470,100,387,43,0,1000
46,5,Masculine,Match,Latin,50,700,280,0,20,0,1000
46,5,Masculine,Match,Latin,150,411,267,114,208,0,1000
46,5,Masculine,Match,Latin,250,361,399,207,33,0,1000
46,5,Masculine,Match,Latin,350,254,347,289,110,0,1000
46,5,Masculine,Match,Latin,450,422,255,190,133,0,1000
46,5,Masculine,Match,Latin,550,547,174,165,114,0,1000
46,5,Masculine,Match,Latin,650,601,315,0,84,0,1000
46,5,Masculine,Match,Latin,750,725,115,43,117,0,1000
46,7,Feminine,Filler,Latin,50,1061,1425,293,221,0,3000
46,7,Feminine,Filler,Latin,150,979,1531,296,194,0,3000
46,7,Feminine,Filler,Latin,250,1028,1229,323,420,0,3000
46,7,Feminine,Filler,Latin,350,1396,1322,138,144,0,3000
46,7,Feminine,Filler,Latin,450,1627,1056,38,279,0,3000
46,7,Feminine,Filler,Latin,550,2042,442,165,351,0,3000
46,7,Feminine,Filler,Latin,650,2445,171,148,236,0,3000
46,7,Feminine,Filler,Latin,750,2514,103,204,179,0,3000
46,8,Masculine,Filler,Latin,50,1068,972,531,280,49,2900
46,8,Masculine,Filler,Latin,150,925,922,770,283,0,2900
46,8,Masculine,Filler,Latin,250,951,968,623,358,0,2900
46,8,Masculine,Filler,Latin,350,1390,762,458,290,0,2900
46,8,Masculine,Filler,Latin,450,1550,653,347,350,0,2900
46,8,Masculine,Filler,Latin,550,1939,505,268,188,0,2900
46,8,Masculine,Filler,Latin,650,2097,351,210,242,0,2900
46,8,Masculine,Filler,Latin,750,2376,266,100,158,0,2900
53,1,Feminine,Control,Latin,50,97,696,40,167,0,1000
53,1,Feminine,Control,Latin,150,102,768,73,57,0,1000
53,1,Feminine,Control,Latin,250,200,666,0,134,0,1000
53,1,Feminine,Control,Latin,350,289,687,0,24,0,1000
53,1,Feminine,Control,Latin,450,295,549,0,63,93,1000
53,1,Feminine,Control,Latin,550,425,365,0,177,33,1000
53,1,Feminine,Control,Latin,650,686,214,0,100,0,1000
53,1,Feminine,Control,Latin,750,800,200,0,0,0,1000
53,2,Feminine,Match,Latin,50,445,232,96,136,91,1000
53,2,Feminine,Match,Latin,150,290,430,100,180,0,1000
53,2,Feminine,Match,Latin,250,447,400,60,93,0,1000
53,2,Feminine,Match,Latin,350,600,383,0,17,0,1000
53,2,Feminine,Match,Latin,450,578,379,0,43,0,1000
53,2,Feminine,Match,Latin,550,552,376,0,72,0,1000
53,2,Feminine,Match,Latin,650,455,399,82,64,0,1000
53,2,Feminine,Match,Latin,750,446,243,100,211,0,1000
53,4,Masculine,Control,Latin,50,572,312,0,116,0,1000
53,4,Masculine,Control,Latin,150,502,396,0,102,0,1000
53,4,Masculine,Control,Latin,250,570,380,0,50,0,1000
53,4,Masculine,Control,Latin,350,575,376,0,49,0,1000
53,4,Masculine,Control,Latin,450,476,400,83,41,0,1000
53,4,Masculine,Control,Latin,550,513,245,95,147,0,1000
53,4,Masculine,Control,Latin,650,664,200,0,65,71,1000
53,4,Masculine,Control,Latin,750,710,110,68,112,0,1000
53,5,Masculine,Match,Latin,50,654,190,100,56,0,1000
53,5,Masculine,Match,Latin,150,653,146,102,99,0,1000
53,5,Masculine,Match,Latin,250,515,185,161,94,45,1000
53,5,Masculine,Match,Latin,350,580,227,126,67,0,1000
53,5,Masculine,Match,Latin,450,394,300,100,65,141,1000
53,5,Masculine,Match,Latin,550,444,300,137,96,23,1000
53,5,Masculine,Match,Latin,650,436,287,170,107,0,1000
53,5,Masculine,Match,Latin,750,585,260,0,155,0,1000
53,7,Feminine,Filler,Latin,50,1495,928,159,318,0,2900
53,7,Feminine,Filler,Latin,150,1409,828,264,378,21,2900
53,7,Feminine,Filler,Latin,250,1398,1121,83,200,98,2900
53,7,Feminine,Filler,Latin,350,1431,1233,12,224,0,2900
53,7,Feminine,Filler,Latin,450,1413,986,125,376,0,2900
53,7,Feminine,Filler,Latin,550,1471,980,321,128,0,2900
53,7,Feminine,Filler,Latin,650,1571,793,259,277,0,2900
53,7,Feminine,Filler,Latin,750,2075,446,107,272,0,2900
53,8,Masculine,Filler,Latin,50,961,1274,324,285,156,3000
53,8,Masculine,Filler,Latin,150,1095,885,524,388,108,3000
53,8,Masculine,Filler,Latin,250,1128,1178,389,305,0,3000
53,8,Masculine,Filler,Latin,350,1471,1142,172,215,0,3000
53,8,Masculine,Filler,Latin,450,1700,880,109,311,0,3000
53,8,Masculine,Filler,Latin,550,1993,586,100,321,0,3000
53,8,Masculine,Filler,Latin,650,2171,547,100,182,0,3000
53,8,Masculine,Filler,Latin,750,2200,494,45,261,0,3000
30,1,Feminine,Control,Latin,50,134,273,479,114,0,1000
30,1,Feminine,Control,Latin,150,273,174,500,53,0,1000
30,1,Feminine,Control,Latin,250,364,28,441,167,0,1000
30,1,Feminine,Control,Latin,350,522,100,250,128,0,1000
30,1,Feminine,Control,Latin,450,607,194,100,99,0,1000
30,1,Feminine,Control,Latin,550,721,200,47,32,0,1000
30,1,Feminine,Control,Latin,650,800,155,0,45,0,1000
30,1,Feminine,Control,Latin,750,822,54,0,124,0,1000
30,2,Feminine,Match,Latin,50,450,344,96,110,0,1000
30,2,Feminine,Match,Latin,150,687,64,84,165,0,1000
30,2,Feminine,Match,Latin,250,845,0,100,55,0,1000
30,2,Feminine,Match,Latin,350,703,13,166,118,0,1000
30,2,Feminine,Match,Latin,450,627,87,153,133,0,1000
30,2,Feminine,Match,Latin,550,769,100,95,36,0,1000
30,2,Feminine,Match,Latin,650,755,38,0,207,0,1000
30,2,Feminine,Match,Latin,750,947,0,0,53,0,1000
30,4,Masculine,Control,Latin,50,628,0,210,103,59,1000
30,4,Masculine,Control,Latin,150,769,0,100,59,72,1000
30,4,Masculine,Control,Latin,250,654,39,121,186,0,1000
30,4,Masculine,Control,Latin,350,543,264,45,148,0,1000
30,4,Masculine,Control,Latin,450,491,400,0,109,0,1000
30,4,Masculine,Control,Latin,550,503,383,0,114,0,1000
30,4,Masculine,Control,Latin,650,636,166,43,155,0,1000
30,4,Masculine,Control,Latin,750,867,8,43,82,0,1000
30,5,Masculine,Match,Latin,50,340,276,300,84,0,1000
30,5,Masculine,Match,Latin,150,140,402,300,158,0,1000
30,5,Masculine,Match,Latin,250,100,556,300,44,0,1000
30,5,Masculine,Match,Latin,350,121,497,194,188,0,1000
30,5,Masculine,Match,Latin,450,439,400,100,61,0,1000
30,5,Masculine,Match,Latin,550,532,249,12,207,0,1000
30,5,Masculine,Match,Latin,650,737,200,0,63,0,1000
30,5,Masculine,Match,Latin,750,800,200,0,0,0,1000
30,7,Feminine,Filler,Latin,50,645,751,1259,345,0,3000
30,7,Feminine,Filler,Latin,150,958,840,967,235,0,3000
30,7,Feminine,Filler,Latin,250,1141,686,802,371,0,3000
30,7,Feminine,Filler,Latin,350,1358,770,788,84,0,3000
30,7,Feminine,Filler,Latin,450,1491,684,399,426,0,3000
30,7,Feminine,Filler,Latin,550,1871,620,203,306,0,3000
30,7,Feminine,Filler,Latin,650,2081,449,111,359,0,3000
30,7,Feminine,Filler,Latin,750,2491,86,100,323,0,3000
30,8,Masculine,Filler,Latin,50,851,844,1113,192,0,3000
30,8,Masculine,Filler,Latin,150,1083,728,853,336,0,3000
30,8,Masculine,Filler,Latin,250,1184,949,348,519,0,3000
30,8,Masculine,Filler,Latin,350,1485,941,276,298,0,3000
30,8,Masculine,Filler,Latin,450,1890,781,25,304,0,3000
30,8,Masculine,Filler,Latin,550,2174,438,0,388,0,3000
30,8,Masculine,Filler,Latin,650,2219,455,0,326,0,3000
30,8,Masculine,Filler,Latin,750,2501,218,0,281,0,3000
12,1,Feminine,Control,Latin,50,400,127,379,48,46,1000
12,1,Feminine,Control,Latin,150,555,109,129,160,47,1000
12,1,Feminine,Control,Latin,250,560,239,100,101,0,1000
12,1,Feminine,Control,Latin,350,566,300,100,34,0,1000
12,1,Feminine,Control,Latin,450,519,309,49,123,0,1000
12,1,Feminine,Control,Latin,550,600,390,0,10,0,1000
12,1,Feminine,Control,Latin,650,661,141,0,181,17,1000
12,1,Feminine,Control,Latin,750,800,100,0,0,100,1000
12,2,Feminine,Match,Latin,50,262,500,200,38,0,1000
12,2,Feminine,Match,Latin,150,248,369,200,183,0,1000
12,2,Feminine,Match,Latin,250,517,200,183,100,0,1000
12,2,Feminine,Match,Latin,350,682,89,159,70,0,1000
12,2,Feminine,Match,Latin,450,829,0,110,61,0,1000
12,2,Feminine,Match,Latin,550,835,58,8,99,0,1000
12,2,Feminine,Match,Latin,650,732,100,96,72,0,1000
12,2,Feminine,Match,Latin,750,677,196,13,114,0,1000
12,4,Masculine,Control,Latin,50,100,347,200,170,83,900
12,4,Masculine,Control,Latin,150,74,471,200,155,0,900
12,4,Masculine,Control,Latin,250,207,600,23,70,0,900
12,4,Masculine,Control,Latin,350,323,484,0,93,0,900
12,4,Masculine,Control,Latin,450,485,267,0,122,26,900
12,4,Masculine,Control,Latin,550,598,127,0,75,100,900
12,4,Masculine,Control,Latin,650,680,88,0,81,51,900
12,4,Masculine,Control,Latin,750,699,58,0,143,0,900
12,5,Masculine,Match,Latin,50,93,472,310,125,0,1000
12,5,Masculine,Match,Latin,150,0,498,396,29,77,1000
12,5,Masculine,Match,Latin,250,37,429,241,226,67,1000
12,5,Masculine,Match,Latin,350,95,500,300,5,100,1000
12,5,Masculine,Match,Latin,450,100,577,223,92,8,1000
12,5,Masculine,Match,Latin,550,142,612,121,125,0,1000
12,5,Masculine,Match,Latin,650,310,352,100,238,0,1000
12,5,Masculine,Match,Latin,750,530,200,97,99,74,1000
12,7,Feminine,Filler,Latin,50,1402,500,713,198,187,3000
12,7,Feminine,Filler,Latin,150,1227,538,537,460,238,3000
12,7,Feminine,Filler,Latin,250,1323,843,403,371,60,3000
12,7,Feminine,Filler,Latin,350,1454,860,324,206,156,3000
12,7,Feminine,Filler,Latin,450,1660,706,154,343,137,3000
12,7,Feminine,Filler,Latin,550,1967,676,100,157,100,3000
12,7,Feminine,Filler,Latin,650,2342,373,22,249,14,3000
12,7,Feminine,Filler,Latin,750,2710,150,0,140,0,3000
12,8,Masculine,Filler,Latin,50,805,567,1010,363,155,2900
12,8,Masculine,Filler,Latin,150,969,759,933,239,0,2900
12,8,Masculine,Filler,Latin,250,1023,1035,555,287,0,2900
12,8,Masculine,Filler,Latin,350,1150,1107,366,277,0,2900
12,8,Masculine,Filler,Latin,450,1536,865,105,394,0,2900
12,8,Masculine,Filler,Latin,550,1860,687,0,300,53,2900
12,8,Masculine,Filler,Latin,650,2250,425,0,200,25,2900
12,8,Masculine,Filler,Latin,750,2380,413,0,107,0,2900
51,1,Feminine,Control,Latin,50,400,359,191,50,0,1000
51,1,Feminine,Control,Latin,150,388,384,184,44,0,1000
51,1,Feminine,Control,Latin,250,290,361,225,124,0,1000
51,1,Feminine,Control,Latin,350,329,330,200,141,0,1000
51,1,Feminine,Control,Latin,450,409,323,125,143,0,1000
51,1,Feminine,Control,Latin,550,650,215,0,135,0,1000
51,1,Feminine,Control,Latin,650,806,115,0,79,0,1000
51,1,Feminine,Control,Latin,750,892,2,0,106,0,1000
51,2,Feminine,Match,Latin,50,690,264,0,46,0,1000
51,2,Feminine,Match,Latin,150,700,300,0,0,0,1000
51,2,Feminine,Match,Latin,250,618,280,0,102,0,1000
51,2,Feminine,Match,Latin,350,366,431,92,111,0,1000
51,2,Feminine,Match,Latin,450,257,587,100,56,0,1000
51,2,Feminine,Match,Latin,550,237,439,110,214,0,1000
51,2,Feminine,Match,Latin,650,582,293,100,25,0,1000
51,2,Feminine,Match,Latin,750,656,95,100,149,0,1000
51,4,Masculine,Control,Latin,50,600,151,200,49,0,1000
51,4,Masculine,Control,Latin,150,710,82,177,31,0,1000
51,4,Masculine,Control,Latin,250,753,14,116,117,0,1000
51,4,Masculine,Control,Latin,350,606,197,80,117,0,1000
51,4,Masculine,Control,Latin,450,430,292,52,226,0,1000
51,4,Masculine,Control,Latin,550,500,500,0,0,0,1000
51,4,Masculine,Control,Latin,650,592,255,1,152,0,1000
51,4,Masculine,Control,Latin,750,730,200,69,1,0,1000
51,5,Masculine,Match,Latin,50,400,400,200,0,0,1000
51,5,Masculine,Match,Latin,150,389,260,260,91,0,1000
51,5,Masculine,Match,Latin,250,225,322,259,194,0,1000
51,5,Masculine,Match,Latin,350,295,537,87,81,0,1000
51,5,Masculine,Match,Latin,450,384,497,81,38,0,1000
51,5,Masculine,Match,Latin,550,585,205,0,210,0,1000
51,5,Masculine,Match,Latin,650,719,111,75,95,0,1000
51,5,Masculine,Match,Latin,750,794,100,95,11,0,1000
51,7,Feminine,Filler,Latin,50,1111,1156,491,242,0,3000
51,7,Feminine,Filler,Latin,150,1398,976,500,126,0,3000
51,7,Feminine,Filler,Latin,250,1462,795,453,290,0,3000
51,7,Feminine,Filler,Latin,350,1741,517,484,258,0,3000
51,7,Feminine,Filler,Latin,450,1576,573,516,335,0,3000
51,7,Feminine,Filler,Latin,550,1737,525,437,301,0,3000
51,7,Feminine,Filler,Latin,650,2354,201,260,185,0,3000
51,7,Feminine,Filler,Latin,750,2733,7,163,97,0,3000
51,8,Masculine,Filler,Latin,50,1125,850,691,334,0,3000
51,8,Masculine,Filler,Latin,150,1222,854,738,186,0,3000
51,8,Masculine,Filler,Latin,250,1294,663,645,398,0,3000
51,8,Masculine,Filler,Latin,350,1717,568,372,343,0,3000
51,8,Masculine,Filler,Latin,450,2163,268,322,247,0,3000
51,8,Masculine,Filler,Latin,550,2592,118,84,206,0,3000
51,8,Masculine,Filler,Latin,650,2812,96,23,69,0,3000
51,8,Masculine,Filler,Latin,750,2763,19,123,95,0,3000
42,1,Feminine,Control,US,50,436,303,100,101,60,1000
42,1,Feminine,Control,US,150,686,100,18,115,81,1000
42,1,Feminine,Control,US,250,624,247,0,129,0,1000
42,1,Feminine,Control,US,350,490,342,0,168,0,1000
42,1,Feminine,Control,US,450,490,377,9,124,0,1000
42,1,Feminine,Control,US,550,587,289,66,58,0,1000
42,1,Feminine,Control,US,650,573,177,158,92,0,1000
42,1,Feminine,Control,US,750,683,100,149,68,0,1000
42,2,Feminine,Match,US,50,581,200,100,115,4,1000
42,2,Feminine,Match,US,150,714,200,31,55,0,1000
42,2,Feminine,Match,US,250,645,222,0,133,0,1000
42,2,Feminine,Match,US,350,515,260,79,146,0,1000
42,2,Feminine,Match,US,450,313,507,83,97,0,1000
42,2,Feminine,Match,US,550,464,401,29,106,0,1000
42,2,Feminine,Match,US,650,761,99,21,119,0,1000
42,2,Feminine,Match,US,750,882,83,0,35,0,1000
42,4,Masculine,Control,US,50,354,455,100,91,0,1000
42,4,Masculine,Control,US,150,518,360,2,120,0,1000
42,4,Masculine,Control,US,250,596,299,0,105,0,1000
42,4,Masculine,Control,US,350,756,149,0,95,0,1000
42,4,Masculine,Control,US,450,736,172,0,92,0,1000
42,4,Masculine,Control,US,550,747,172,0,81,0,1000
42,4,Masculine,Control,US,650,875,85,0,40,0,1000
42,4,Masculine,Control,US,750,785,0,0,157,58,1000
42,5,Masculine,Match,US,50,431,380,100,89,0,1000
42,5,Masculine,Match,US,150,405,344,132,119,0,1000
42,5,Masculine,Match,US,250,472,289,145,94,0,1000
42,5,Masculine,Match,US,350,517,344,100,39,0,1000
42,5,Masculine,Match,US,450,421,383,120,76,0,1000
42,5,Masculine,Match,US,550,323,420,200,57,0,1000
42,5,Masculine,Match,US,650,367,307,185,141,0,1000
42,5,Masculine,Match,US,750,580,300,100,20,0,1000
42,7,Feminine,Filler,US,50,1099,1150,0,460,291,3000
42,7,Feminine,Filler,US,150,1549,1109,0,328,14,3000
42,7,Feminine,Filler,US,250,1654,1105,0,241,0,3000
42,7,Feminine,Filler,US,350,1712,980,0,308,0,3000
42,7,Feminine,Filler,US,450,2032,667,14,287,0,3000
42,7,Feminine,Filler,US,550,2289,429,77,205,0,3000
42,7,Feminine,Filler,US,650,2490,276,99,135,0,3000
42,7,Feminine,Filler,US,750,2561,140,100,199,0,3000
42,8,Masculine,Filler,US,50,1078,1122,88,505,107,2900
42,8,Masculine,Filler,US,150,1200,1108,152,260,180,2900
42,8,Masculine,Filler,US,250,1236,1087,120,345,112,2900
42,8,Masculine,Filler,US,350,1369,1104,100,298,29,2900
42,8,Masculine,Filler,US,450,1806,652,2,349,91,2900
42,8,Masculine,Filler,US,550,2213,395,6,276,10,2900
42,8,Masculine,Filler,US,650,2366,55,213,266,0,2900
42,8,Masculine,Filler,US,750,2485,100,200,115,0,2900
29,1,Feminine,Control,US,50,244,500,175,81,0,1000
29,1,Feminine,Control,US,150,296,646,7,51,0,1000
29,1,Feminine,Control,US,250,232,643,0,125,0,1000
29,1,Feminine,Control,US,350,258,576,0,166,0,1000
29,1,Feminine,Control,US,450,595,277,0,128,0,1000
29,1,Feminine,Control,US,550,817,117,0,66,0,1000
29,1,Feminine,Control,US,650,839,100,0,61,0,1000
29,1,Feminine,Control,US,750,894,92,0,14,0,1000
29,2,Feminine,Match,US,50,200,743,18,39,0,1000
29,2,Feminine,Match,US,150,129,821,0,50,0,1000
29,2,Feminine,Match,US,250,68,875,0,57,0,1000
29,2,Feminine,Match,US,350,243,598,0,159,0,1000
29,2,Feminine,Match,US,450,442,499,0,59,0,1000
29,2,Feminine,Match,US,550,381,383,0,236,0,1000
29,2,Feminine,Match,US,650,689,220,0,91,0,1000
29,2,Feminine,Match,US,750,815,128,0,57,0,1000
29,4,Masculine,Control,US,50,818,117,0,65,0,1000
29,4,Masculine,Control,US,150,872,100,0,28,0,1000
29,4,Masculine,Control,US,250,703,219,0,78,0,1000
29,4,Masculine,Control,US,350,624,264,32,80,0,1000
29,4,Masculine,Control,US,450,587,202,84,127,0,1000
29,4,Masculine,Control,US,550,641,185,0,174,0,1000
29,4,Masculine,Control,US,650,755,200,0,45,0,1000
29,4,Masculine,Control,US,750,800,200,0,0,0,1000
29,5,Masculine,Match,US,50,776,200,0,24,0,1000
29,5,Masculine,Match,US,150,719,176,0,105,0,1000
29,5,Masculine,Match,US,250,740,133,0,127,0,1000
29,5,Masculine,Match,US,350,663,201,0,136,0,1000
29,5,Masculine,Match,US,450,488,389,96,27,0,1000
29,5,Masculine,Match,US,550,388,444,50,118,0,1000
29,5,Masculine,Match,US,650,563,373,0,64,0,1000
29,5,Masculine,Match,US,750,571,217,38,174,0,1000
29,7,Feminine,Filler,US,50,1486,1047,260,207,0,3000
29,7,Feminine,Filler,US,150,1276,1232,249,243,0,3000
29,7,Feminine,Filler,US,250,1463,1195,106,236,0,3000
29,7,Feminine,Filler,US,350,1814,872,0,314,0,3000
29,7,Feminine,Filler,US,450,2283,562,0,155,0,3000
29,7,Feminine,Filler,US,550,2408,402,0,190,0,3000
29,7,Feminine,Filler,US,650,2518,336,0,146,0,3000
29,7,Feminine,Filler,US,750,2551,224,0,225,0,3000
29,8,Masculine,Filler,US,50,1067,1213,289,431,0,3000
29,8,Masculine,Filler,US,150,1232,1423,214,131,0,3000
29,8,Masculine,Filler,US,250,1187,1253,171,389,0,3000
29,8,Masculine,Filler,US,350,1512,1108,146,234,0,3000
29,8,Masculine,Filler,US,450,1961,526,100,413,0,3000
29,8,Masculine,Filler,US,550,2447,237,68,248,0,3000
29,8,Masculine,Filler,US,650,2687,68,0,245,0,3000
29,8,Masculine,Filler,US,750,2739,0,63,198,0,3000
03,1,Feminine,Control,US,50,300,254,292,154,0,1000
03,1,Feminine,Control,US,150,551,200,194,55,0,1000
03,1,Feminine,Control,US,250,533,143,204,120,0,1000
03,1,Feminine,Control,US,350,515,46,282,157,0,1000
03,1,Feminine,Control,US,450,600,168,165,67,0,1000
03,1,Feminine,Control,US,550,651,198,100,51,0,1000
03,1,Feminine,Control,US,650,706,17,139,138,0,1000
03,1,Feminine,Control,US,750,940,0,36,24,0,1000
03,2,Feminine,Match,US,50,127,684,100,89,0,1000
03,2,Feminine,Match,US,150,171,596,40,193,0,1000
03,2,Feminine,Match,US,250,252,502,144,102,0,1000
03,2,Feminine,Match,US,350,328,402,197,73,0,1000
03,2,Feminine,Match,US,450,461,284,157,98,0,1000
03,2,Feminine,Match,US,550,604,228,40,128,0,1000
03,2,Feminine,Match,US,650,680,274,0,46,0,1000
03,2,Feminine,Match,US,750,695,9,113,183,0,1000
03,4,Masculine,Control,US,50,300,500,170,20,10,1000
03,4,Masculine,Control,US,150,285,566,129,20,0,1000
03,4,Masculine,Control,US,250,185,575,200,40,0,1000
03,4,Masculine,Control,US,350,374,263,178,185,0,1000
03,4,Masculine,Control,US,450,586,171,200,43,0,1000
03,4,Masculine,Control,US,550,656,47,159,138,0,1000
03,4,Masculine,Control,US,650,652,0,291,57,0,1000
03,4,Masculine,Control,US,750,673,0,283,44,0,1000
03,5,Masculine,Match,US,50,317,456,176,51,0,1000
03,5,Masculine,Match,US,150,389,500,89,22,0,1000
03,5,Masculine,Match,US,250,377,487,100,36,0,1000
03,5,Masculine,Match,US,350,444,168,167,221,0,1000
03,5,Masculine,Match,US,450,763,42,105,90,0,1000
03,5,Masculine,Match,US,550,665,148,83,104,0,1000
03,5,Masculine,Match,US,650,472,267,151,110,0,1000
03,5,Masculine,Match,US,750,618,189,126,67,0,1000
03,7,Feminine,Filler,US,50,1453,847,478,158,64,3000
03,7,Feminine,Filler,US,150,1464,759,581,196,0,3000
03,7,Feminine,Filler,US,250,1463,474,766,297,0,3000
03,7,Feminine,Filler,US,350,1613,364,774,249,0,3000
03,7,Feminine,Filler,US,450,1743,221,791,245,0,3000
03,7,Feminine,Filler,US,550,2002,26,774,198,0,3000
03,7,Feminine,Filler,US,650,1940,152,734,174,0,3000
03,7,Feminine,Filler,US,750,1920,200,758,122,0,3000
03,8,Masculine,Filler,US,50,1228,937,642,193,0,3000
03,8,Masculine,Filler,US,150,1281,866,648,205,0,3000
03,8,Masculine,Filler,US,250,1404,710,455,431,0,3000
03,8,Masculine,Filler,US,350,1688,581,520,211,0,3000
03,8,Masculine,Filler,US,450,1877,363,418,342,0,3000
03,8,Masculine,Filler,US,550,2264,182,328,226,0,3000
03,8,Masculine,Filler,US,650,2230,88,459,223,0,3000
03,8,Masculine,Filler,US,750,2401,0,496,103,0,3000